ncols,75,,,,,,,,,,,,,,,,,,,,,,,,,,,,,,,,,,,,,,,,,,,,,,,,,,,,,,,,,,,,,,,,,,,,,,,,,
nrows,119,,,,,,,,,,,,,,,,,,,,,,,,,,,,,,,,,,,,,,,,,,,,,,,,,,,,,,,,,,,,,,,,,,,,,,,,,
xllcorner,230814.528,,,,,,,,,,,,,,,,,,,,,,,,,,,,,,,,,,,,,,,,,,,,,,,,,,,,,,,,,,,,,,,,,,,,,,,,,
yllcorner,9616990.319,,,,,,,,,,,,,,,,,,,,,,,,,,,,,,,,,,,,,,,,,,,,,,,,,,,,,,,,,,,,,,,,,,,,,,,,,
cellsize,250,,,,,,,,,,,,,,,,,,,,,,,,,,,,,,,,,,,,,,,,,,,,,,,,,,,,,,,,,,,,,,,,,,,,,,,,,
NODATA_value,-99999,,,,,,,,,,,,,,,,,,,,,,,,,,,,,,,,,,,,,,,,,,,,,,,,,,,,,,,,,,,,,,,,,,,,,,,,,
12.39,20.37,14.84,13.54,13.94,15.05,14.3,9.97,12.96,16.33,9.97,18.67,17.39,17.55,20.16,8.47,16.62,13.89,16.13,9.6,5.17,2.18,2.29,5.2,3.71,5.86,7.2,11.91,15.6,19.1,13.66,9.94,14.42,13.58,17.82,11.4,10.36,4.41,7.44,8.33,9.51,10.04,9.66,19.95,16.23,12.65,14.42,15.87,15.38,13.79,25.46,15.63,17.39,35,26,19.28,10.52,18.88,16.87,13.21,16.49,14.91,18.3,17.86,19.88,13.73,13.78,22.26,27.27,29.69,20.59,20.79,15.99,36.05,29.2
12.42,22.75,3.59,1.71,9.93,11.21,4.87,16.67,13.98,19.78,11.97,25.76,16.09,9.25,12.65,12.33,10.82,9.93,4.93,1.65,4.21,2.68,1.62,2.18,2.03,5.68,15.22,17.62,43.09,36.05,30.59,13.24,12.28,11.85,12.3,10.16,7.73,10.86,15.12,10.48,26,24.55,18.82,10.13,30.05,10.68,21.39,18.72,12.03,28.91,8.33,7.98,20.3,23.67,13.13,9.25,14.79,13.19,11.51,13.73,15.3,19.15,13.35,19.85,18.88,13.42,13.76,21.29,21.02,11.68,20.7,18.04,17.97,24.11,30.4
6.54,12.88,12.05,11.16,13.94,14.45,17.1,15.82,13.85,17.27,9.48,17.76,11.62,9.1,15.48,12.86,1.21,3.46,3.09,4.7,1.96,2.3,0.94,2.05,2.16,5.9,13.66,6,41.33,37.84,31.49,8.73,8.65,9.46,9.57,13.13,14.29,10.01,15.9,17.02,14.99,21.9,28.61,17.01,45.79,44.77,23,20.69,11.45,10.03,13.8,9.06,14.37,26.86,10.76,6.04,10.72,7.02,12.58,17.96,22.29,19.84,16.93,21.3,18.92,22.57,19.83,20.58,21.8,23.03,19.92,18.89,15.91,15.99,46.67
8.33,6.19,13.18,19.01,20.36,25.6,20.38,21.93,13.19,10.26,9.84,11.85,9.37,13.38,17.44,1.17,0.56,0.69,3.25,5.57,3.25,0.6,3.86,4.13,3.39,9.28,19.67,13.4,10.43,1.54,5.66,31.57,11.29,11.51,12.44,12.42,15.77,11.9,10.92,17.86,20.79,22.41,23.05,20.28,79.83,24.61,55.28,58.59,32.87,29.63,10.04,16.69,21.94,17.52,7.57,11.31,10.11,9.14,11.55,26.77,13.81,19.16,8.82,25.27,21.72,16.34,22.45,21.29,26.84,25.39,26.72,27.51,20.75,26.67,44.56
6,7.03,10.36,14.31,21.34,29.51,18.51,14.75,14.55,14.25,10.06,6.6,9.24,7.69,14.54,4.91,1.91,3.29,2.66,0.81,3.93,0.43,3.09,12.59,14.74,8.96,17.35,1.16,7.61,5.93,13.95,10.82,14,14.43,14.82,27.19,14.53,11.8,21.37,23.09,23.38,30.7,13.7,13.38,70.29,10.13,11.44,19.61,29.19,32.92,15.61,10.9,36.58,31.93,35.28,13.26,11.44,12.84,13.69,15.84,15.86,15.76,14.14,27.36,27.31,23.76,20.73,24.24,20.48,20.86,24.49,24.73,22.69,57.76,59.14
7.74,14.89,14.94,20.68,31.47,34.55,17.9,26.03,21.93,18.87,13.49,8.53,5.77,5.97,8.31,9.87,3.77,1.72,1.15,2.56,3.93,4.7,3.25,17.86,10.7,20.48,7.88,17.46,14.73,4.02,11.13,4.32,6.54,13.68,18.25,26.93,30.96,25.37,15.56,20.01,15.99,27.59,19.04,24.1,57.72,52.9,13.38,16.93,37.57,7.46,10.06,26.04,39.53,41.98,41.46,63.65,47.49,28.86,24.76,22.33,31.4,16.84,21.05,17.01,33.68,17.65,22.49,21.6,18.14,20.39,26.98,24.23,34.75,69.65,63.63
12.66,23.18,22.05,23.33,40.19,25.15,14.36,22.43,42.41,35.96,23.03,6.77,3.63,8.27,12.07,12.89,2.24,0.85,3.65,2.48,2.48,2.99,4.4,15.39,19.94,4.62,10.34,6.68,12.14,16.93,18.77,19.6,10.36,11.55,11.36,19.6,10.91,11.36,15.67,25.06,20.9,17.3,20.96,36.69,29.06,50.8,63.55,15.49,15.17,10.73,21.73,38.29,19.19,24.61,34.62,4.12,21.15,25.08,25.13,18.14,36.82,43.48,45.2,30.61,26.32,20.31,18.75,24.89,22.43,22.28,22.6,26.3,35.07,57.87,37.74
17.16,18.95,21.26,30.24,35.5,24.32,19.38,27.55,43.72,52.35,39.63,17.75,4.12,8.52,9.56,5.43,7.74,1.1,1.54,2.07,4.78,11.58,5.55,12.73,17.4,12.61,6.16,5.4,14.05,26.26,22.44,6.68,5.57,10.41,13.07,14.09,19.85,13.68,22.91,24.32,29.58,16.51,14.14,20.43,23.95,33.59,29.56,16.54,15.47,15.44,34.16,34.89,17.65,19.16,35.6,15.64,13.92,16.5,16.33,20.73,62.45,36.24,13.17,24.34,23.9,17.19,23.05,26.24,22.76,23.45,28.67,30.82,37.84,38.99,26.13
21.6,37.11,40.53,41.97,44.3,7.96,4.97,30.14,36.82,32.9,31.13,29.52,15.86,7.65,11.51,5.83,5.75,5.83,7.32,1.22,9.75,0.38,13.14,7.78,8.02,3.56,7.19,5.44,14.73,24.75,26.09,21.72,8.03,11.73,10.83,12.95,24.06,15.44,19.83,17.16,20.37,36.79,23.13,12.76,33.48,39.59,12.44,23.6,22,29.16,20.37,37.1,38.91,21.19,40.75,29.34,19.89,12.39,24.01,28.23,28.98,2.14,13.8,22.87,27.04,21.32,23.68,25.04,28.26,22.08,31.55,31.06,30.83,39.01,34.14
31.83,29.85,27.14,13.13,19.49,25.15,35.58,32.76,32.15,32.76,25.43,10,15.84,7.44,6.6,1.81,5.94,5.35,7.32,10.91,2.87,4.41,10.13,7.49,5.25,5.74,16.61,11.87,7.46,22.55,13.38,14.81,11.09,8.92,10.27,8.65,22.44,31.18,18.92,14.62,22.44,38.33,42.3,33.52,48.96,53.72,46.49,43.65,44.09,48.09,31.38,53.22,43.41,21.01,51.82,14.37,24.81,18.29,29.64,10.44,11.46,22.01,20.39,18.57,22.83,17.39,28.69,24.71,28.28,29.07,31.01,33.81,31.02,32,35.04
16.38,32.71,15.22,22.05,19.33,11.55,10.44,10.03,13.18,17.55,14.88,13.68,9.07,7.78,4.06,2.3,1.65,6.81,3.51,9.79,7.73,4.43,11.49,12.14,12.04,7.1,16.22,11.09,14.1,17.47,12.78,13.3,11.89,6.59,10.53,15.55,20.22,28.55,24.62,19.21,24.98,17.31,20.54,33.93,43.04,52.09,38.38,4.79,25.8,20.78,43.62,34.28,27.35,10.56,39.25,3.39,14.36,11.43,23.21,14.05,16.75,19.17,17.14,20.81,22.94,23.95,27.99,25.56,27.69,31.56,36.81,34.14,35.24,37.07,43.06
33.95,21.84,9,5.25,3.75,2.69,1.46,5.99,8.46,6.24,4.65,4.23,3.81,11.03,11.05,6.42,5.52,5.15,5.22,4.84,7.52,10.76,20.58,17.3,23.37,5.9,18.13,10.19,7.61,22.12,19.08,19.12,18.78,10.02,26.38,25.4,13.08,21.49,35.03,51.12,46.07,18.36,24.3,39.93,47.62,47.81,53.25,26.26,49.74,32.92,42.76,20.78,33.08,21.25,21.09,22.62,8.44,17.7,19.38,5.83,12.96,15.51,17.81,17.2,16.81,20.27,29.86,23.92,32.88,29.49,36.63,38.66,54.94,60.41,60.49
35.94,30.11,17.16,17.2,8.59,17.33,21.98,8.27,8.25,4.53,3.59,4.45,2.48,16.25,3.65,5.54,6.79,2.7,5.68,2.51,0.97,4.54,12.86,17.18,2.23,15.41,11.87,16.67,19.98,14.65,9.32,13.26,15.55,14.57,25.45,7.14,22.04,42.66,55.28,25.01,35.4,44.45,49.27,52.86,12.07,10.35,35.3,45.4,13,28.53,7.05,25.76,21.54,11.76,10.33,16.15,9.62,11.54,16.47,19.54,23.16,18.07,17.14,17.96,19.43,27.81,26.7,31.08,31.74,39.49,52.44,61.21,55.93,46.71,49.52
28.14,20.35,34.6,39.43,35.68,1.54,23.63,28.84,26.93,10.95,9.62,8.64,6.24,19.27,25.76,22.81,13.31,9.28,3.99,2.39,6.58,6.49,10.06,19.84,11.29,1.88,13.66,15.2,18.12,19.56,16.29,20.4,25.93,27.66,16.62,8.59,24.11,16,17.4,50.85,28.98,39.91,70.74,4.56,5.03,7.05,4.62,1.22,11.78,9.97,24.21,4.37,24.16,19.35,16.06,14.65,20.79,45.85,26.26,17.99,13.18,13.95,17.4,24.3,22.75,24.38,22.68,28.07,38.16,60.07,50.65,45.68,44.25,46.48,44.55
26.4,26.51,12.78,10.21,30.94,23.93,22.68,0.79,27.05,15.22,8.38,3.87,2.18,5.16,6.52,15.13,26.65,2.23,10.22,9.09,8.98,4.54,13.43,15.56,19.06,20.28,16.46,16.45,12.44,19.08,25.39,23.89,14.14,21.81,13.78,17.04,18.03,25.45,21.88,18.54,45.66,45.71,60.38,9.51,4.47,1.16,1.72,4.46,17.57,7.84,8.63,18.73,25.14,25.36,22.6,14.74,12.46,24.99,13.76,18.77,15.6,14.69,18.59,19.88,19.69,29.24,27.91,34.32,52.83,49.77,45.06,40.91,42.92,47.52,50.25
29.49,30.94,29.55,19.42,21.6,11.09,11.63,26.53,27.59,21.46,15.39,2.84,2.35,2.18,3.52,1.02,9.09,17.97,10.9,18.99,7.65,8.03,12.24,14.37,8.8,21.46,5.59,20.85,16.33,21.77,23.97,31.54,31.42,10.79,13.8,36.26,28.5,25.31,33.1,23.32,32.8,37.86,9.75,12.75,10.16,20.11,16.86,15.62,8.03,3.34,8.43,9.43,5.21,21.05,12.67,6.03,8.3,23.17,36.38,14.27,13.18,17.82,18.52,21.37,20.52,22.43,28.8,33.25,56.09,48.98,42.06,44.09,52.54,51.99,46.47
49.38,41.13,19.9,23.14,28.64,31.56,18.83,12.15,8.07,9.44,8.96,3.45,3.44,1.81,4.1,3.77,0.28,15.26,14.91,20.21,12.68,15.11,12.39,9.84,16.67,19.01,26.48,12.39,13.2,14.53,27.45,16.25,57.83,27.68,11.47,15.95,8.77,21.97,13.68,25.5,30.58,38.74,11.53,22.17,21.28,18.83,27.97,9.64,8.06,4.06,10.36,6.52,5.84,28.98,3.51,8.49,8.88,21.41,36.63,25.15,18.31,19.59,22.6,22.31,25.87,26.98,38.21,56.28,48.77,38.57,42.7,49.48,53.87,54.03,58.18
32.48,52.16,32.17,25.92,32.9,26.54,27.87,31.24,25.04,9.01,6.88,4.29,3.79,3.26,0.69,8.65,5.56,9.94,13.8,17.85,9.75,21.38,15.29,22.52,36.03,33.54,14.74,17.27,8.04,18.21,15.75,24.47,49.03,13.59,10.76,4.93,7.3,20.68,10.98,17.81,26.38,42.58,26.7,9.4,29.73,34.89,19.55,4.81,6.72,4.96,12.03,17.71,17.85,8.34,10.33,10.98,9,8.95,14.1,28.56,25.06,16.75,20.31,24.3,24.87,29.44,44.61,60.32,45.65,42.1,43.24,46.85,56.21,50.4,60.27
22.36,24.26,24.25,37.28,39.96,24.7,12.26,14.65,18.13,16.75,6.69,5.14,3.6,4.23,3.67,3.2,5.8,3.75,19.04,14.57,18.42,13.77,39.02,8.22,4.28,19.08,26.71,12.6,13.53,12.75,6.69,35.73,42.42,27.91,20.45,27.21,19.04,8.23,17.97,19.91,21.25,33.85,34.87,23.82,8.82,28.26,12.92,10.93,13.95,0.96,9.57,25.04,28.48,23.84,11.65,14.13,41.7,41.81,39.68,47.47,16.38,9.75,20.07,24.97,24.24,32.82,55.78,46.41,39.54,36.45,43.99,51.4,52.45,44.98,53.58
45.75,33.02,13.78,27.73,27.74,42.01,27.38,19.88,14.47,10.7,6.19,18.59,12.87,8.91,6.51,2.89,2.33,5.83,15.15,19.93,18.92,30.21,7.75,12.11,27.44,5.47,7.07,4.27,6.49,3.81,6.2,15.32,36.1,32.07,20.14,12.03,27.76,40.96,47.57,35.42,15.22,4.21,21.31,20.41,22.45,38.48,42.45,31.08,13.6,3.65,7.35,37.2,28.79,21.93,18.41,24.48,40.03,23.5,17.18,22.76,8.46,15.68,15.12,24.73,30.95,29.58,53.01,46.15,34.53,39.17,53.41,52.06,51.32,53.09,56.9
26.33,33.41,28.94,10.36,22.27,22.05,42.22,20.17,12.71,11.73,8.04,4.65,21.77,7.55,1.04,2.55,6.7,6.41,10.56,13.39,18.51,12.63,6.2,23.18,7.38,13,5.31,5.16,7.18,3.93,9.23,9.06,34.35,14.52,4.54,15.5,61.54,58.57,14.92,14.82,1.35,18.16,21.21,26.46,34.24,38.5,58.68,22.79,31.52,5.85,1.34,21.95,18.48,17.27,39.39,30.89,21.91,25.82,29.95,31.9,36.32,17.5,21,27.21,31.19,38.91,52.47,43.6,38.91,39.04,50.19,50.15,50.65,54.68,52.74
37.11,40.9,20.09,31.38,26.9,20.58,27.63,12.59,12.65,15.62,6.82,9.16,23.69,0.39,4.83,5.09,4.21,11.28,5.9,6.88,4.09,11.78,22.19,3.79,6.22,4.65,8.89,19.57,28.46,23.68,29.63,37.29,31.19,16.57,17.82,30.18,41.4,21.83,32.89,20.26,26.45,37.27,30.99,34.02,34.73,13.64,25.61,12.86,30.37,10.7,15.16,1.22,9.34,21.22,21.6,26.91,39.97,41.4,47.99,19.23,14.88,28.53,31.77,40.98,46.64,31.6,58.44,44.18,35.69,38.68,46.76,53.67,54.87,51.52,58.24
20.2,19.08,13.63,38.29,33.31,35.78,22.48,36.82,20.43,11.85,16.5,12.96,13.73,2.33,5.13,7.11,8.87,8.43,2.68,3.4,5.16,13.51,9.6,16.5,6.14,8.52,16.45,30.74,25.86,23.15,28.26,21.56,16.77,15.55,17.97,45.76,36.34,53.19,61.07,52.36,25.61,36.33,24.76,41.79,34.68,40.74,59.96,34.66,30.16,11.06,8.02,4.1,12.92,19.56,31.71,32.65,13.13,17.7,22.05,29.51,23.01,22.31,34.83,32.58,27.92,36.37,58.33,48.26,33.52,39.53,47.02,49.16,54.54,55.52,52.9
10.97,13.89,21.7,34.47,29.85,28.95,17.48,6.2,18.55,32.5,9.22,21.09,7.21,6.15,3.08,7.65,8.28,2.87,3.84,5.68,7.63,15.56,13.81,8.81,9.75,28.84,14.2,19.61,24.34,12.84,13.2,16.72,12.92,10.01,15.07,27.63,38.77,23.91,40.91,38.15,14.49,27.33,26.07,26.37,24.72,35.73,57.96,90.02,56.85,23.94,23.82,1.28,6.6,6.47,6.78,27.9,37.46,30.49,23.55,25.23,27.03,27.1,31.8,33.29,42.92,44.24,45.33,53.81,41.47,41.12,50.47,54.81,60.28,58.75,65.66
11.59,14.78,19.9,20.91,19,29.25,10.15,16.07,10.04,25.61,29.64,16.45,16.25,7.56,4.51,13,1.71,3.13,10.04,2.7,6.3,20.58,26.99,9.27,14.32,14.51,17.18,22.51,15.69,7.97,8.35,13.09,10.58,11.47,10.64,15.87,20.81,22.16,13.73,21.62,19.08,26.43,47.24,41.38,35.19,28.13,48.33,55.63,82.01,43.67,3.34,8.48,15.17,21.46,19.17,23.43,21.03,29.79,28.15,26.18,20.84,21.88,24.48,33.59,41.1,36.34,47.31,53.91,46.73,44.17,56.64,63.78,58.14,64.7,64.77
12.39,19.7,14.15,7.44,17.58,28.29,18.87,19.15,15.18,8.48,20.2,14.24,12.63,3.65,10.66,16.62,7.03,2.86,14.11,19.25,7.64,8.6,7.53,23.97,32.15,13.38,7.11,14.85,8.21,6.5,14.27,7.8,9.27,17.08,12.66,11.09,15.93,21.23,21.07,30.13,55.02,54.49,12.75,16.65,28.59,44.5,42.32,63.48,60.54,35.22,18.47,7.36,26.95,9.33,22.79,10.48,15.84,24.85,32.34,60.7,26.45,28.11,25.42,38.26,40.14,41.12,40.24,44.38,55.07,44.96,43.88,51.81,59.73,49.89,71.2
30.27,8.11,9.36,11.37,4.03,34.22,1.15,2.96,0.57,4.87,6.17,3.92,5.47,0.96,2.76,8.27,3.29,2.72,10,27.64,9.48,3.99,27.73,15.96,15.9,9.62,7.64,13.94,10.14,7.17,12.78,10,11.67,7.61,9.09,27.87,12.53,29.5,16.51,14.96,30.39,32.09,42.25,40.99,11.13,25.42,46.67,39.66,77.52,31.22,17.97,15.9,29.2,25.96,32.71,9.18,16.26,18.35,31.52,43.48,31.83,28.71,33.23,25.52,38.83,41.4,45.86,44.55,35.74,45.47,53.25,39.23,51.84,42.43,68.21
17.08,16.81,18.04,29.35,9.56,36.59,3.67,0.19,0.41,3.87,4.63,5.27,7.1,2.49,4.69,2.99,4.37,3.98,10.16,33.66,7.61,3.27,29.73,12.44,7.69,7.88,8.81,11.87,6.9,7.54,9.3,10.51,19.03,16.04,15.11,14.27,13.6,29.63,30.87,23.57,25.81,38.09,25.45,13.77,21.48,28.81,35.85,41.86,80.17,41.76,22.67,29.46,37.48,26.84,22.67,17.5,15.49,24.82,15.46,14.69,26.75,29.64,31.04,39.99,39.45,44.93,66.43,71.39,65.03,73.32,77.52,85.28,49.32,62.57,49.69
35.25,11.69,17.58,19.84,23.93,10.22,26.6,22.64,18.89,10.56,6.07,15.02,10.23,8.33,4.2,1.58,4.01,15.71,14.02,9.09,4.09,4.87,17.17,11.45,9.51,6.6,10.53,11.61,10.41,8.18,7.21,14.21,12.14,11.06,19.05,16.41,28.57,15.8,9.57,19.75,26.25,13.61,15.11,26.99,24.06,22.95,18.75,33.28,44.92,59.96,72.26,63.4,37.43,29.84,27.36,17.65,31.66,17.71,20.22,32.15,13.49,17.95,25.32,25.65,30.07,40.73,80.67,99.35,71.23,56.14,58.1,30.06,65.22,46.86,43.32
43.48,40.19,14.29,6.38,15.32,29.41,6.78,7.88,15.56,14.11,5.76,18.38,14.92,10.11,9.49,1.91,3.27,15.99,18.36,4.6,3.77,8.12,5.81,9.37,8.6,4.03,14.66,21.95,18.55,12.38,5.94,19.83,20.9,12.95,19.29,25.67,19.87,26.27,18.41,20.93,21.6,16.6,23.88,23.27,13.79,21.88,23.53,26.12,19.88,36.84,17.35,40.52,21.35,15.91,11.4,22.33,18.13,23.94,25.08,15.74,19.83,9.12,33.06,44.76,47.86,52.18,29.82,41.53,37.48,44.88,56.86,46.33,51.63,52.2,52.09
41.82,18.36,36.22,8.77,24.98,28.9,15.19,3.99,19.43,16.51,6.76,15.91,8.22,4.45,2.9,4.78,1.34,7.87,4.78,5.74,2.17,5.56,15.24,13.95,20.4,12.57,10.4,9.75,10.88,12.14,5.62,26.2,19.34,12.56,14.3,25.56,10.43,26.87,21.46,17.86,17.13,30.48,15.16,17.2,15.96,17.59,26.75,19.9,19.45,46.42,26.91,16.29,16.84,13.86,15.68,24.38,22.63,45.43,34.16,31.35,44.63,50.68,8.05,30.7,52.28,63.51,57.15,63.25,76.52,40.55,35.28,48.29,55.22,58.4,62.31
24.78,36.48,2.66,38.77,6.24,15.37,29.84,8.84,17.89,17.25,7,4.13,6.95,5.25,4.73,4.54,3.25,6.76,1.71,6.22,3.64,9.89,20.41,21.26,10.76,12.53,10.86,7.65,18.02,12.58,7.95,10.4,7.3,16.61,10.87,19.71,9.46,18.93,13.26,19.17,14.71,33.24,16.19,10.6,10.18,16.93,18.54,22.18,24.02,74.28,15.53,8.15,7.43,10.03,27.98,35.57,46.77,33.01,14.74,46.06,40.49,59.99,21.05,29.53,43.44,74.64,58.19,37.98,65.47,65.94,43.82,45.47,52.25,57.62,49.01
16.15,12.31,35.59,2.97,38.81,24.08,13.29,42.08,19.87,11.97,12.67,2.3,13.84,2.87,0.96,4.36,6.25,4.01,4.78,4.79,2.57,8.11,26.42,14.75,22.79,13.27,9.86,8.65,9.34,6.45,4.69,8.49,6.13,17.58,9.65,15.97,19.43,10.91,18.22,1.76,17.58,13.96,6.15,9.41,6.77,15.31,26.48,33.47,19.83,51.76,12.39,7.38,10.86,20.28,54.32,40.86,41.72,46.03,55.43,43.68,35.2,51.27,39.73,30.81,35.56,37.88,58.01,44.77,60.39,57.19,43.52,43.32,45.64,61.22,56.87
14.58,10.71,14,28.34,7.09,26.83,14.52,2.3,28.15,12.05,11.81,1.73,8.64,8.82,0.43,2.29,5.93,2.05,5.14,6.51,2.71,10.11,27.63,19.95,12.42,27.55,6.54,11.49,4.59,4.65,7.97,8.88,21.37,16.11,9.71,14.66,19.77,14.24,16.97,8.84,13.58,13.39,5.73,6.91,11.47,14.44,51.52,31.78,29.79,60.34,21.23,11.19,18.12,18.41,28.68,46.67,36.32,38.07,35.43,24.96,32.58,20.53,22.42,32.22,19.51,50.01,102.66,59.79,48.01,108.12,43.94,43.35,50.95,46.87,43.78
15.68,16.03,11.71,12.79,13.6,2.06,17.18,10.87,13.38,12.08,10.79,2.66,5.22,12.03,2.88,2.11,4.32,1.12,2.6,5.47,5.55,8.96,12.39,16.91,11.58,33.84,5.57,6.42,6.13,8.13,9.85,9.14,21.56,15.23,7.57,7.42,9.37,12.27,17.19,12.11,7.05,7.62,15.19,6.53,8.8,7.8,41.32,15.55,13.68,56.26,23.04,10.58,14.48,20.29,19.8,19.68,15.41,19.88,28.79,34.36,17.71,42.03,33.43,46.44,28.83,43.67,48.29,32.82,40.77,76.86,48.62,39.31,38.33,43.7,39.53
24.52,23.49,9.17,14.58,8.44,5.31,0.76,3.94,2.84,8.64,4.29,2.3,4.43,14.03,6.69,8.87,12.05,15.18,2.3,6.52,5.83,3.33,3.94,1.39,12.42,21.08,7.65,4.45,2.82,6.63,8.82,13,9.67,14.28,9.46,12.96,10.07,15.77,16.66,9.97,6.9,9.79,13.96,6.26,6.42,8.22,21.13,9.16,13.76,44.71,55.66,40.18,15.73,32.3,18.09,7.44,18.64,22.71,33.38,42.06,30.85,31.5,30.3,49.44,56.11,56.75,51.14,29.39,33.26,50.46,47.69,48.06,38.35,47.95,44.16
17.49,12.59,19.61,20.88,14.71,17.86,19.35,10.17,0,2.66,4.21,2.89,3.02,12.54,10.04,26.51,19.13,8.59,4.62,4.77,3.25,1.17,6.47,6,9.66,30.04,18.52,18.81,11.4,8.82,10.79,4.87,14.79,7.97,7.46,17.47,8.73,10.06,8.43,8.33,10.95,15.13,23.7,19.09,7.05,10.58,10.36,11.98,9.18,30.72,24.6,23.37,18.35,26.68,21.05,21.03,18.01,11.13,28.93,24.66,17.12,18.53,9.25,19.33,16.92,38.7,41.56,38.35,21.16,38.3,46.64,42.41,37.12,34.43,43.36
11.29,13.65,3.92,16.57,16.92,5.52,7.78,16.52,3.18,2.49,4.73,6.31,2.7,2.39,9.09,22.19,30.81,15.95,6.68,6.27,2.71,0.98,1.61,3.71,3.65,6.12,7.35,4.13,15.99,21.61,21.54,3.82,10.4,8.52,6.49,11.78,12.42,9.13,12.78,13.5,19.73,23.07,52.86,42.15,26.84,6.16,6.66,9.27,10.65,43.92,10.52,17.72,16.4,13.57,12.71,31.74,21.09,14,14.42,17.62,7.69,10.62,9.89,13.38,6.35,27.27,23.43,36.81,26,33.25,38.02,43.94,49.25,40.35,56.93
15.11,9.21,11.09,8.82,8.48,6.96,5.31,8.4,4.7,8.52,4.45,4.98,4.21,8.62,6.12,13.59,4.21,6.08,6.81,5.02,2.51,2.92,1.88,7.28,9.08,22.34,20.84,11.92,7.28,23.09,21.14,21.9,10.03,6.23,14.45,5.89,8.8,4.78,6.92,15.39,22.49,34.63,36.9,15.3,36.89,9.59,13.61,12.75,38.13,27.19,0.68,16.76,14.55,21.25,38.61,20.52,16.97,21.93,24.13,13.85,16.5,6.71,11.63,14.92,17.35,24.66,26.47,22.46,23.92,28.42,23.47,32.35,36.45,42.48,45.55
20.37,21.39,6.43,13.34,10.32,7.74,17.35,14.72,5.38,16,9.75,8.29,2.6,6.71,8.06,16.38,1.91,4.17,5.19,5.35,2.66,4.55,5.1,8.28,9.06,11.22,14.61,18.42,3.81,9.49,11.28,4.91,3.51,0.96,9.06,4.41,7.98,9,6.69,15.05,21.33,26.67,40.76,37.06,26.19,12.33,12.19,30.86,23.71,39.14,8.75,16.36,31.23,33.65,27.19,17.23,20.05,25.98,22.97,23.28,13.06,17.86,9.98,9.54,23.68,18.07,21.37,24.77,23.69,24.95,20.14,13.03,36.84,23.72,44.45
19.24,2.57,27.6,7.59,19.5,5.38,1.76,13.88,7.78,12.95,10.23,4.36,3.61,2.48,7.35,16.88,1.38,8.38,7.05,7.67,5.38,4.84,5.74,7.44,7.48,5.36,15.16,13.55,9.19,9.18,8.11,6.07,3.9,6.76,6.04,6.07,7.74,10.21,6.35,10.16,16.33,21.27,26.2,27.1,23.5,9.41,11.49,24.51,43.52,48.38,11.47,31.11,24.14,18.36,18.29,15.82,30.24,23.5,32.61,29.75,17.97,5.26,2.03,7.8,14.88,13.98,16.28,15.31,17.41,23.14,26.68,34.63,42.81,25.17,25.59
13.25,10.98,19.76,19.41,15.07,7.16,4.98,16.62,13.06,6.23,9.18,5.97,3.81,2.45,15.64,8.72,8.66,13,9.08,2.6,3.25,6.24,7.05,14.74,9.03,4.7,7.56,12.21,8.58,7.46,11.25,8,6.07,5.29,3.11,6.11,6.76,9.46,6.33,11.9,14.63,14.77,18.13,16.41,11.97,12.82,9.51,14.96,29.53,59.41,21.19,46.65,13.78,26.57,32.8,36.02,19.87,24.21,45.36,25.45,20.08,10.87,9.87,6.39,6.39,13.17,13.51,21.2,23.75,26.39,31.14,29.06,49.09,23.87,37.59
15.56,6.17,10.9,10.43,6.16,6.51,14.31,19.04,16.63,12.84,7.44,6.45,2.06,1.58,9.06,17.99,9.06,14.59,5.37,3.16,6.62,3.94,8.06,9.49,12.06,10.35,9.19,12.89,7.88,6.93,6.11,4.79,3.38,2.52,4.24,6.15,7.03,4.4,6.32,10.18,9.34,6.12,7.67,8.65,8.65,10.36,10.01,8.48,3.83,41.36,42.68,18.72,14.33,25.84,29.34,19.01,21.81,43,27.6,31.44,17.44,17.88,16.45,17.34,6.79,4.62,19.36,18.24,32.98,39.83,36.71,39.64,41.16,19.9,40.47
7.61,20.6,13.67,7.7,2.97,3.92,15.41,16.58,11.86,6.93,4.1,1.8,3.91,3.65,6.71,16.19,12.33,12.94,5.91,4.82,5.68,6.68,2.97,7.56,9.33,16.62,12.26,6.49,9.06,4.97,4.82,4.78,2.66,3.9,3.83,6.54,5.78,5.94,12.07,8.49,4.98,4.4,8.12,6.63,10.53,11.03,12.33,10.79,6.41,8.67,11.09,17.22,17.28,11.13,20.12,16.15,30.49,44.81,51.37,51.08,34.22,9.57,27.46,28.51,17.75,25.55,15.24,20.04,27.35,22.57,36.93,24.11,29.24,29.35,31.95
8.64,9.61,11.68,17.15,5.16,9.6,7.7,9.46,16.14,15.49,12.44,3.1,0.41,1.43,2.82,15.9,13.68,7.32,5.44,2.99,3.67,5.58,3.24,6.84,4.9,14.95,7.87,6.82,12.62,8.59,6.42,5.93,9.4,6.85,3.71,7.37,4.02,11.61,8.1,9.33,7.36,7.46,6.35,6.18,6.32,6.88,10.13,6.03,7.21,7.38,10.44,14.26,17.4,15.67,17.28,11.22,21.59,37.67,57.34,40.68,30.67,25.66,28.25,36.33,38.13,19.33,19.32,20.26,19.09,33.88,25.74,20.18,16.34,20.32,17.97
8.43,12.75,13.23,3.17,8.77,16.51,10.27,12.17,10.02,2.56,1.56,9.95,4.69,2.33,1.54,4.27,10.13,14.46,4.7,5.38,7.21,3.02,2.99,2.51,8.27,6.5,12.14,8.79,9.14,7.22,10.19,8.92,8.11,8.21,13.39,6.27,10.88,5.81,4.54,6.7,5.89,7.88,8.8,6.25,6.15,5.73,13.57,15.01,4.87,9.57,12.56,12.95,14.06,10.46,9.23,16.95,14.1,17.89,34.54,70.06,40.5,33.03,29.75,31.08,26.5,14.45,39.61,28.66,32.34,34.79,51.45,51.36,9.14,21.08,13.74
3.65,6.24,4.5,15.41,18.92,43.83,3.4,5.57,1.08,11.64,4.32,3.32,3.05,1.03,1.16,2.57,2.82,1.75,3.82,2.07,1.8,4.67,2.84,3.81,7.35,6.89,12.23,5.62,9.87,4.41,3.15,4.23,10.53,17.23,7.38,10.21,5.15,6.6,4.05,6.33,5.59,5.75,6.7,5.31,5.93,5.16,18.82,10.53,17,9.95,7.69,9.76,15.38,8.64,4.55,13.34,9.97,15.78,23.51,27.76,53.8,25.46,17.19,26.05,36.82,55.39,48.38,33.86,40.59,20.16,32.82,46.57,48.55,34.51,25.1
9.64,9.91,5.86,21.02,7.86,14.6,19.66,3.53,9.57,7.9,10.94,1.8,1.73,1.39,2.91,1.38,3.54,2.3,4.48,3.27,2.58,3.08,4.78,2.92,9.78,8.73,6.98,2.49,3.69,5.97,5.41,5.35,11.08,4.29,4.65,15.31,8.74,7.03,7.7,5.93,6.77,7.92,6.24,7.78,5.66,7.09,20.07,7.69,26.51,10.3,5.64,6.41,16.52,10.43,5.15,6.63,7.33,9.49,7.64,16.89,16.96,48.13,38.49,47.07,42.14,64.84,25.88,25.98,19.56,13.85,20.17,33.75,67.1,31.88,21.74
9.44,8.41,12.99,38.1,29.15,10.23,19.46,12.42,9.22,13.77,7.91,7.88,5.33,4.43,2.17,2.45,1.53,1.81,4.02,3.34,5.56,4.19,5.37,1.49,2.3,3.77,3.02,3.84,3.57,4.41,3.25,4.09,7.32,5.57,4.36,13.21,1.82,5.55,5.5,5.93,4.84,6.69,7.42,5.67,5.99,7.44,24.6,33.14,10.98,5.06,6.88,25.78,8.45,16.06,8.36,7.99,5.05,8.07,11.63,11.29,25.83,29.21,29.74,20.29,22.74,19.35,18.31,25.36,14.7,9.87,15.54,12.48,23,25.89,15.08
6.4,2.74,17.2,35.06,34.96,12.09,12.39,8.4,7.46,3.63,6.26,9.52,10.27,7.27,2.99,1.23,6.65,7.14,6.03,2.32,4.2,3.65,2.42,7.11,5.4,1.16,1.96,3.34,3.63,2.68,4.29,3.51,6.26,7.63,11.85,8.72,4.72,5.13,4.9,4.81,6.22,5.56,5.08,4.91,4.41,4.2,6.17,6.07,5.78,22.76,12.03,10.48,7.54,18.77,30.22,6,12.63,15.8,11.25,27.21,20.67,36.17,14.59,32.43,39.32,27.68,18.81,10.24,16.25,7.43,11.97,17.43,21.45,30.02,24.99
6.93,4.29,9.6,12.94,24.99,8.04,8.77,8.81,5.16,3.3,1.54,3.67,6.54,3.49,5.35,4.56,7.69,3.56,8.63,3.11,1.36,2.36,5.94,2.49,4.18,6.35,2.42,1.92,3.3,5.56,3.09,2.99,2.84,5.76,6.69,7.8,5.95,4.78,5.93,6.41,5.47,3.34,6.04,3.11,4.78,7.01,4.03,2.55,5.81,22.21,13.86,13.87,9.4,6.16,19.95,15.49,19.6,13.13,12.99,16.51,16.54,11.22,30.13,26.56,21.61,21.42,18.38,15.49,13.47,15.86,11.72,16.33,27.72,20.73,30.46
7.73,6.95,10.22,18.46,14.37,8.36,5.05,9.07,5.25,3.37,4.19,1.65,8.8,2.3,3.82,6.5,3.68,4.17,7.18,0.85,2.32,0.58,3.79,4.17,2.3,2.68,4.17,0.96,4.7,7.21,2.72,4.46,0.43,7.7,4.59,3.45,4.29,4.24,5.57,5.16,4.91,4.79,3.27,4.72,4.91,3.34,6.58,4.69,3.16,9.25,3.81,6.54,12.29,8.82,11.72,21.59,5.75,19.56,9.97,3.77,4.21,9.49,18.77,17.97,14.03,15.87,16.46,21.28,23.09,9.59,17.83,13.13,25.45,58.34,61.57
5.33,13.18,5.59,2.3,5.51,6.56,7.44,8,11.3,1.54,2.49,2.5,6.31,6.63,4.9,3.92,4.06,5.16,5.78,4.53,3.25,5.47,2.39,3.81,4.61,5.09,2.45,3.2,2.39,6.51,8.04,3.09,5.19,6.35,5.33,3.94,3.49,3.83,5.17,4.31,4.4,5.59,4.2,5.22,2.74,5.15,6.96,9.94,8.11,7.14,11.63,16.78,7.32,18.99,16.17,24.52,17.97,19.87,10.16,4.63,10.16,9.31,8.05,14.38,12.52,12.35,13.67,21,27.74,14.93,12.09,16.76,21.95,27.84,27.45
7.14,13.18,8.8,2.99,4.62,9.91,11.24,8.18,3.29,1.46,3.02,3.46,3.25,4.65,3.07,2.55,5.62,2.72,4.91,4.02,2.97,3.45,1.58,0.98,3.65,2.45,4.4,3.65,3.3,6.71,9,6.24,3.13,3.64,4.02,4.65,4.05,2.33,4.4,6.35,3.65,4.69,4.09,5.4,5.08,5.83,5.73,14.72,3.94,13.01,16.83,12.75,7.8,15.53,19.51,10.4,13.68,16.63,18.73,16.65,12.66,13.63,12.84,18.04,18.3,4.46,13.68,1.91,8.04,9.07,12.85,17.59,18.57,13.8,14.24
23.83,14.46,8.75,4.12,0.86,8.66,12.03,10.72,2.36,3.51,6.04,2.49,3.76,2.89,4.59,0.79,3.25,3.7,1.38,5.57,3.06,2.23,2.22,2.23,3.45,2.48,4.27,4.03,3.27,2.99,5.74,6.42,4.03,4.05,3.9,2,4.98,3.46,3.02,5.14,2.42,3.76,5.05,6.18,7.14,4.87,7.19,10.39,7.61,6.95,12.33,7.07,13.81,17.51,14.25,16.19,25.83,23.6,8.42,2.99,11.24,6.72,19.38,29.33,28.39,4.02,18.31,2.43,6.62,11.71,21.02,14.02,15.86,9.67,7.33
14.6,7.44,6.19,1.53,2.49,5.44,14.69,16.92,2.31,1.79,1.39,7.78,3.49,3.34,6.51,5.34,3.34,0.6,6.58,5.44,5.03,5.95,4.08,2.83,1.88,2.91,2.72,2.39,4.96,4.23,3.85,3.4,4.45,3.34,4.01,4.69,5.38,3.15,6.25,3.34,5.38,4.41,4.21,6.33,8.06,2.57,9.29,11.66,4.19,6.22,7.03,16.86,14.95,14.02,13.38,23.35,28.78,13.22,10.91,12.16,12.75,10.24,19.08,33.85,31.59,6.52,12.95,9.18,6.35,11.61,19.85,7.65,13.26,9.22,6.37
7.02,10.19,1.54,2.84,7.05,16.6,15.1,10.27,0.24,2.03,3.68,3.34,5.27,3.29,6.52,6.73,4.73,5.68,1.03,6.3,6.36,4.46,2.91,0.6,4.35,2.76,4.09,5.5,5.16,0.57,3.27,4.36,4.01,3.9,4.53,4.27,3.83,4.62,3.65,4.47,3.24,5.84,8.7,6.22,2.66,6.03,11.47,7.18,5.56,5.81,8.38,15.82,2.06,9.06,12.75,31.77,18.16,21.7,3.83,20.14,4.79,13.01,24.35,25.77,24.9,10.95,11.38,13.54,21.91,12.58,8.58,7.95,8.07,3.27,7.73
6.68,6.51,11.36,8.6,5.89,7.95,5.66,4.87,1.8,3.94,6.38,5.47,7.26,1.38,2.23,2.07,2.14,2.66,0.96,1.64,5.48,4.62,2.13,3.13,3.02,1.49,1.73,7.16,2.84,5.13,4.84,2.91,3.3,3.76,5.22,1.82,3.71,4.67,1.39,2.14,0.27,0.58,5.87,5.94,1.71,7.01,0.79,6.07,7.2,4.37,5.62,15.57,5.35,15.02,8.52,35.36,22.65,23.16,8.42,17.59,3.94,10.18,25.68,27.57,18.58,7.93,10.83,9.13,8.7,8.24,17.78,14,8.07,5.41,9.08
5.32,13.94,33.19,32.78,17.25,12.89,2.1,1.28,4.24,6.31,8.33,3.94,3.94,2.59,2.3,4.62,1.92,2.49,2.99,3.29,1.46,4.19,3.3,3.08,1.95,2.33,4.54,6.51,4.21,3.14,4.49,4.98,3.45,3.16,2.78,3.82,6.95,4.1,3.34,4.9,2.49,0.94,14.84,8.52,10.92,6.1,5.02,5.52,6.04,7.42,7.61,19.14,8.24,8.4,11.85,29.92,34.93,6.79,22.9,9.37,5.64,4.22,33.57,9.64,14.76,33.33,30.53,29.46,14.3,11.93,23.76,17.79,9.07,7.73,11.05
3.94,15.07,37.79,27.09,15.84,18.21,11.67,17.36,26.6,18.12,9.33,8.23,5.62,5.78,0.43,4.62,3.83,2.72,3.44,0.78,3.87,1.03,1.82,2.18,2.66,3.42,4.21,3.56,3.92,4.93,0.79,2.56,2.45,4.68,4.98,6.75,0.95,8.11,4.74,1.71,5.98,2.12,12.16,10.71,13.09,12.93,10.94,7.48,7.3,7.65,10.43,6.47,14.94,6.83,10.43,35.82,30.78,12.48,21.53,7.53,7.88,7.99,48.56,15.35,12.4,47.44,17.64,36.43,19.11,12.72,10.24,5.47,7.38,8.92,7.69
3.63,15.56,17.44,14.33,12.99,8.85,22.9,10.93,22.64,23.45,18.73,6.57,6.53,12.31,2.34,1.62,2.3,0.78,1.03,2.13,3.84,2.1,2.73,3.94,1.76,2.1,4.97,3.82,6.52,2.36,3.64,3.16,5.16,0.85,5.41,7.18,4.63,4.48,3.83,7.97,17.76,4.82,10.54,19.35,17.71,15.58,7.87,4.23,7.3,10.71,1.95,6.19,7.43,8.42,17.17,34.36,25.36,8.57,19.2,11.55,16.09,13.63,51.22,22.18,7.32,47.79,38.87,29.33,38.48,4.31,8.52,13.38,7.14,5.03,7.98
3.82,23.55,9.75,17.3,4.65,9.06,12.66,16.79,14.71,27.26,15.05,2.3,2.11,2.6,6.12,2.31,4.82,4.79,3.51,5.16,5.25,3.46,3.78,5.35,1.45,4.48,3.46,3.61,3.68,3.75,5.51,7.27,2.57,2.71,7.86,4.21,6.85,3.84,7.49,6.3,18.36,6.88,7.43,10.67,17.78,8.57,5.59,6.35,4.05,11.82,6.52,15.9,5.05,13.35,13.67,28.9,38.48,21.05,17.92,13.69,11.54,34.16,38.9,7.76,10.98,44,43.5,45.75,47.01,21.66,0.38,29.9,6.78,5.65,3.82
5.38,12.83,13.73,11.03,17.41,26.75,20.53,26.63,17.84,23.15,7.9,1.38,0.57,3.65,2.11,3.57,3.66,1.89,1.91,4.09,2.66,3.65,2.57,3.92,3.29,5.19,4.46,3.34,3.16,2.33,11.35,2.82,0.85,3.08,8.18,6.71,10.53,4.41,6.49,8.56,9.18,5.25,3.79,5.99,5.14,6.33,3.94,2.66,5.93,2.11,12.54,11.28,7.95,9.05,6.03,17.75,42.09,38.67,27.81,22.63,27.87,35.49,35.05,3.53,11.03,26.71,17.55,23.63,18.37,2,5.4,15.24,11.28,4.98,6.78
4.96,6.51,0.96,5.19,4.59,19.52,10.35,10.36,15.62,12.28,5.66,0.57,0.19,4.96,2.92,5.43,3.34,1.27,1.49,3.67,1.28,3.67,0.76,3.05,2.56,6.54,5.26,3.51,3.71,5.19,10.43,0.39,11.45,8.04,5.22,8.22,3.35,1.49,12.07,10.58,3.41,11.78,8.53,7.09,6.07,2.98,3.27,1.91,7.89,6.1,15.47,9.65,6.77,6.7,6.76,10.36,30.17,38.07,40.93,37.81,38.66,31.81,34.42,47.79,18.9,3.94,18.17,10.85,1.46,7.14,7.67,13.95,3.38,7.28,5.89
7.53,11.24,1.57,5.74,19.64,33.45,10.54,7.36,6.51,6.52,4.19,2.03,1.73,3.46,2.87,1.97,2.14,2.51,2.44,1.09,4.01,4.02,3.13,1.71,2.3,3.51,1.89,5.62,1.5,8.55,10.84,8.96,5.57,9.5,6.26,11.38,6.7,12.74,1.16,11.29,12.74,9.58,9.6,9.15,4.78,2.06,4.81,5.44,7.87,8.38,9.74,8.62,4.93,6.95,5.13,8,11.68,23.24,32.27,25.51,22.93,15,18.52,12.46,16.27,4.82,13.68,9.94,22.4,33.28,27.26,23.32,16.81,19.77,9.01
6.85,18.52,9,12.23,28.21,31.54,14.73,11.05,4.79,7.42,7.52,16.54,3.44,4.9,2.84,1.62,2.18,1.07,3.08,1.62,2.42,3.59,2.6,1.16,3.25,3.06,4.27,3.08,2.3,4.21,9.93,12.54,8.21,12.63,9.18,6.76,13.49,27.15,20.26,16.5,10.65,7.87,8.04,8.65,7.32,7.44,3.16,9.75,3.81,7.98,13.6,4.97,3.87,4.29,5.14,3.4,6.12,4.97,7.74,11.63,8.94,4.78,4.78,5.85,8.52,2.7,28.73,39.56,48.29,48.3,42.7,44.45,28.64,2.69,10.24
10.43,15.54,17.28,10.8,20.46,5.9,23.87,23.38,6.42,4.43,8.11,12.09,17.84,3.38,4.02,2.59,2.14,2.23,1.35,1.81,3.02,1.71,1.91,1.63,1.54,4.22,6.6,3.52,1.91,2.74,2.11,0.79,9.04,9.44,8.03,8.13,7.53,10.01,8.87,8.16,7.96,6.35,9.68,10.94,5.81,16.73,14.23,7.28,12.42,8.82,4.23,3.27,4.83,6.1,4.51,6.42,5.3,5.47,14.65,42.34,36.79,8.11,8.49,2.31,4.09,19.31,36,48.9,51.98,14.04,46.44,43.64,37,17.94,5.27
8.58,8.81,12.71,7.38,2.66,22.02,27.78,18.73,8.36,24.48,15.7,9.22,6.53,3.25,2.78,3.67,2.06,3.45,1.81,1.35,2.84,2.31,3.9,5,3.45,2.5,1.45,1.73,2.42,2.14,2.3,4.46,15.52,7.78,8.72,3.94,9.06,6.41,4.45,5.98,3.51,6.93,4.22,5.26,8.8,17.39,14.42,10.6,8.95,18.24,7.38,4.37,5.74,3.92,3.81,2.78,8.04,9.89,30.68,45.49,43.19,45.28,7.18,6.33,5.56,21.76,38.43,50.45,46.34,12.45,61.06,48.57,33.17,16.65,10.07
4.62,7.5,15.22,21.05,14.95,20.81,23.22,14.91,18.45,5.78,27.63,4.18,1.76,2.22,1.75,2.6,1.46,1.38,1.95,1.64,2.03,2.23,3.76,1.92,4.84,2.39,3.18,1.02,2.45,3.02,2.6,3.11,3.76,4.05,5.56,4.59,7.54,1.91,0.6,6.5,6,8.22,2.57,5.37,4.24,16.86,11.43,3.81,4.73,5.65,7.27,7.71,7.84,6.15,6.68,4.78,7.26,8.2,25.15,58.24,28.48,42.79,8.81,10.68,5.81,15.28,32.84,51.54,51.5,48.51,49.83,43.45,26.69,14.97,9.76
9.92,5.47,9.07,11.24,15.6,11.38,8.3,8.81,17.95,27.34,20.13,9.02,1.08,2.91,3.92,2.99,3.02,1.38,5.08,2.78,0.95,3.09,2.43,1.92,2.87,2.74,2.33,3.25,2.72,3.02,2.49,1.71,2.75,5.38,8.46,0.61,6.58,1.92,6.85,7.7,12.36,5.41,3.46,6.12,6,6.58,7.6,4.43,2.7,5.1,3.49,7.35,9.44,4.4,7.28,4.93,2.16,2.48,20.27,37.28,35.28,14.62,9.64,9.97,14.99,16.82,25.45,36.15,47.63,48.3,45.69,43.24,22.16,3.94,14.55
7.32,5.62,5.57,4.06,2.7,6.88,13.09,17.05,13.83,9.06,10.3,6.47,2.3,3.67,3.52,0.76,1.49,2.75,5,1.88,1.97,2.16,3.65,1.92,2.66,3.63,3.07,2.82,2.14,2.72,2.51,3.29,0.96,4.89,6.76,3.83,6.33,6.89,10.52,5.47,4.87,2.55,3.63,2.55,2.87,2.45,2.91,4.78,5.75,6.84,3.49,6.32,8.43,4.29,5.4,5.94,6.92,6.6,8.16,22.92,19.42,18.04,20.67,10.4,11.57,12.71,19.49,19.66,32.39,45.18,34.54,24.77,13.66,26.89,31.73
5.19,4.36,5.74,3.16,5.25,6.36,9.51,15.96,8.94,6.76,5.01,4.36,2.24,4.03,1.49,2.6,0.82,2.5,1.39,4.52,4.03,1.39,2,1.91,0.96,2.6,0.79,4.33,2.84,4.06,4.84,0.69,2.72,5.06,5.57,7.43,2.78,3.9,5.9,4.59,4.62,4.37,3.34,3.29,4.84,3.25,4.78,3.69,6.15,4.09,6.04,5.24,3.25,4.24,3.2,7.51,3.69,3.11,1.96,15.29,19.57,19.27,13.68,11.85,12.75,8.48,15.15,16.25,22.86,26.56,20.27,15.01,12.03,23.45,32.6
4.62,3.65,5.95,1.82,4.96,8.22,8.42,3.38,2.3,1.76,1.88,1.11,2.31,2.75,4.19,3.51,1.36,1.12,0.95,2.87,0.97,2.97,3.08,2.3,2.48,3.3,2.1,0.43,2.42,2.09,2.3,3.68,2.11,5.55,6.93,5.75,4.21,3.94,10.15,2.49,4.59,4.19,4.75,2.49,3.27,3.75,3.57,3.67,4.43,2.84,5.47,4.87,1.21,3.27,3.34,3.71,2.45,5.73,4.36,3.99,8.72,7.84,6.78,12.95,18.16,33.54,23.41,3.51,13.39,12.63,13.08,8.63,17.79,8.53,8.72
6.12,8.94,2.74,5.25,7.74,10.39,3.87,4.98,1.08,1.61,1.54,1.38,2.99,3.51,0.98,2.74,0.96,0.95,3.49,1.64,1.39,1.64,2.67,0.58,1.54,4.87,6.12,4.29,4.13,2.99,3.3,0.26,2.09,1,5.39,3.51,1.95,3.13,6.79,4.18,2.74,4.02,2.03,3.61,4.96,3.71,4.41,3.87,4.17,3.39,4.78,5.74,3.87,4.62,3.29,5.98,2.57,3.2,4.09,3.39,6.07,2.41,9.75,8.11,13.4,32.5,24.6,20.34,9.83,8,9.75,14.99,13.3,33.96,25.06
2.23,10.89,15.52,7.81,11.19,10.76,2.99,2.49,1.9,1.37,1.16,0.8,2.23,1.39,2.7,1.63,2.06,3.44,2.87,2.11,0.97,1.2,0.43,1.35,2.99,1.97,3.11,1.38,0.79,1.8,0.38,0.61,1.22,1.36,6.22,1.91,3.87,3.34,6.78,1.15,1.54,2.48,4.24,2.3,2.17,4.87,3.69,3.14,3.94,4.13,6.38,4.96,3.4,4.65,3.6,6.42,4.05,2.18,1.71,3.67,8.3,7.36,9.69,9.07,13.64,45.79,31.5,30.81,10.53,4.75,3.02,4.35,3.33,39.65,32.46
1.08,5,7.28,6.2,2.66,5.14,9.15,1.47,0.42,3.71,0.43,2.84,0.95,3.25,3.81,1.97,0.96,0.38,1.64,3.24,1.38,2.51,0.86,1.53,3.92,0.81,1.89,1.92,2.45,1.38,1.54,0.86,1.8,3.82,6.29,9.38,6.26,5.15,4.23,1.39,3.49,2.82,2.97,2.24,4.27,1.54,3.77,4.12,4.09,5,6.12,2.48,3.34,1.91,3.06,1.22,2.78,5.01,3.29,3.85,1.95,4.72,8.46,5.16,6.11,16.67,26.09,28.3,9.33,7.03,7,11.63,11.95,10.47,9.77
1.64,0.8,1.2,7.65,12.4,7.44,9.75,2.81,3.06,2.55,4.54,0.69,3.94,3.44,1.39,2.17,2.74,1.92,3.34,1.71,1.91,1.58,1.21,4.4,2.06,3.5,3.64,2.41,1.62,1.99,3.75,0.6,0.96,2.48,5.73,6.88,10.17,8.18,7.18,2.74,3.06,1.63,0.77,4.9,1.34,4.72,2.49,2.49,3.25,3.67,5.72,2.99,6.65,3.27,1.39,2.99,4.19,5.3,3.42,4.36,3.94,6.22,9.66,9.06,7.76,12.31,4.41,5.47,12.62,8.21,8.21,12.82,19.01,11.41,12.33
1.63,1.35,3.59,15.3,15.49,15.13,8.33,1.64,3.86,1.71,1.04,2.24,3.63,2.14,2.86,1.38,2.06,0.96,2.3,1.58,1.71,0.97,1.73,2.3,2.75,2.43,1.89,2.66,1.22,1.95,1.89,2.48,3.13,3.8,9.67,2.49,1.62,1.71,2.11,1.92,2.75,4.21,2.66,2.36,2.6,4.65,3.34,3.24,1.64,3.66,4.23,3.52,4.5,5.57,2.84,3.16,3.26,3.57,1.39,3.84,3.92,3.64,5.93,7.11,9.87,6.47,5.25,4.6,4.54,4.9,7.28,6.86,14.59,23.95,6.63
2.3,0.59,5.15,10.69,19.76,7.86,9.06,3.52,4.19,1.91,1.03,0.8,2.3,3.81,1.73,2.42,2.44,2.32,1.63,2.49,2.76,1.46,2.32,0.85,0.44,1.5,1.92,3.67,4.12,3.34,3.93,5.62,3.59,4.09,5.75,1.65,2.99,3.34,2.36,3.15,2.66,1.38,3.26,3.34,3.98,4.47,2.91,3.65,5.26,2.91,1.81,3.11,4.53,5.4,6.95,4.27,4.62,3.39,6.66,3.57,9.73,7.55,3.15,6.42,7.19,6.53,7.28,9.43,4.46,5.98,5.81,4.78,16.46,19.76,14.1
2.3,0.76,3.76,3.11,9.87,4.48,5.15,6.69,4.27,1.14,2.05,1.77,3.33,3.34,3.15,1.64,1.35,2.83,1.12,1.29,1.81,1.76,1.16,2.23,2.1,2.7,3.34,2.99,1.73,3.82,3.33,0.76,4.13,1.52,1.03,2.31,2.14,1.49,3.02,2.74,1.03,2.6,2.87,3.77,0.96,3.11,1.93,0.54,2.74,1.91,3.27,1.63,0.86,1.71,3.25,3.25,2.78,3.71,2.87,3.52,1.61,11.01,6.78,6.89,7.07,1.11,20,13.61,5.9,2.6,3.38,2.91,4.24,10.32,6.82
1.38,2.6,2.22,7.98,8.59,7.73,4.4,1.4,2.87,1.54,0.95,2.03,2.48,1.28,3.11,2.36,2.23,1.95,2.18,1.37,3.06,1.03,2.41,1.63,2.03,1.64,0.43,2.3,0.19,3.29,1.95,4.46,2.53,4.05,3.59,2.82,2.14,2.56,0.69,2.33,2.74,2.11,1.9,1.76,2.06,2,3.87,3.71,3.15,2.82,4.46,3.27,6.45,4.24,4.09,4.31,3.08,3.55,2.87,22.76,31.55,25.18,20.8,21.98,19.66,25.06,7.46,10.32,4.4,15.17,6.16,2,2.87,5.98,4.03
1.64,0.95,1.73,1.64,5.43,2.48,3.96,2.13,2.99,0.97,1.38,1.03,3.08,0.43,2.43,2.06,1.23,2.07,1.54,0.28,1.35,2.31,0.44,0.79,1.97,1.28,1.91,1.72,2.68,0.57,2.99,2.31,4.21,4.22,4.27,1.91,1.54,2.1,3.75,1.97,2.57,1.5,2.22,1.73,2.82,3.34,2.66,4.48,3.59,5.31,4.54,4.87,5.93,4.7,4.59,3.13,3.64,2.98,10.14,40.52,38.13,33.44,14.1,12.17,20.34,14.98,2.63,11.56,9.33,8.49,11.73,6.24,5.94,9.82,5.4
0.27,1.21,0.68,0.95,1.63,0.94,1.18,2.03,4.03,0.59,0.69,1.76,8.22,6.17,1.03,4.74,3.77,0.85,0.69,1.04,1.21,1.28,0.26,1.34,0.39,1.8,2.11,2.31,1.23,2.42,4.21,2.39,4.36,2,3.08,2.33,3.38,1.28,2.56,1.76,2.31,0.18,2.39,3.25,1.53,1.96,2.57,1.95,2.98,3.94,2.78,3.86,3.86,2.33,4.27,0.38,3.45,2.16,8.17,39.18,19.83,38.72,4.1,6.41,3.87,2.99,4.09,4.81,4.23,4.05,6.03,6.76,11.37,7.11,8.73
1.62,1.28,1.95,1.37,1.88,0.19,3.38,2.14,1.89,2.1,7.86,4.99,14.16,7.68,0.97,2.87,5.41,1.97,1.53,0.2,0.41,2.17,1.37,2.1,2.86,2.35,2.72,2.97,2.84,1.91,1.76,3.02,1.62,2.92,2.14,3.38,3.14,3.65,2.6,1.23,3.34,3.18,1.54,2.98,3.16,1.88,1.97,2.74,2.55,0.86,1.63,2.72,5.22,7.51,5.74,3.34,3.53,2.74,5.56,16.48,35.84,22.2,16.55,4.67,5.73,1.21,1.12,4.62,1.89,12.16,7.08,4.21,4.46,3.85,22.82
1.38,1.35,1.11,1.09,1.54,0.02,3.08,5.47,0.97,1.75,2.7,1.8,1.77,2.66,2.48,1.54,5.64,2.11,1.12,1.54,1.81,1.53,1.92,12.81,14.1,1.91,2.87,4.46,1.49,4.53,1.54,1.76,3.18,2.39,2.11,1.64,1.57,1.91,2.42,2.45,2.03,2.76,2.72,1.82,1.72,2.49,2.42,3.68,3.63,2.33,2.56,1.76,2.87,5.24,5.15,6.51,2.33,2.18,4.21,1.54,25.23,27.98,21.6,6.46,3.98,4.4,2.87,2.91,5.25,3.4,9.49,3.63,8.09,4.96,10.9
4.21,6.84,14.41,19.76,13.67,2.42,1.52,2.74,0.77,0.61,0.81,1.97,1.35,3.99,3.57,1.34,4.1,2.68,2.99,3.02,0.77,1.35,2.3,16.42,15.96,6.71,2.42,1.76,2.31,6.03,3.4,5.81,1.28,2.29,1.35,1.45,2.55,1.62,1.81,1.62,1.88,2.49,1.38,2.13,3.45,2.92,2.3,1.71,3.06,2.84,3.69,3.94,3.4,4.62,15.33,10.2,4.02,4.27,4.47,4.13,4.27,3.16,3.24,3.34,2.3,2.84,4.79,8.85,5.31,16.36,6.11,3.27,0.61,3.21,3.31
6.12,8.96,23.51,21.65,23.92,11.52,5.22,3.25,2.33,3.02,1.03,1.4,1.71,2.89,2.92,3.77,3.28,5.16,2.12,1.12,2.11,2.66,2.56,8.53,5.95,3.39,1.49,1.89,0.96,1.76,1.92,1.4,2.14,3.24,2.3,2.49,3.45,2.87,2.1,2.03,2.14,1.17,3.42,1.46,2.3,4.78,2.45,2.57,4.78,2.06,4.41,4.62,1.22,26.67,27.98,15.05,15.04,4.98,3.51,4.05,4.19,3.9,6.08,1.49,3.52,4.09,5.78,6.63,3.21,2.11,1.22,1.58,1.62,0.91,1.07
7.14,14.57,13.18,11.03,14.81,8.54,6.47,4.24,0.85,2.65,3.24,1.07,2.32,2.51,2.99,3.9,5.62,4.84,7.29,5.81,4.45,2.39,0.79,1.8,2.03,1.54,0.26,1.7,1.38,1.96,0.85,1.14,2.57,0.6,2.17,1.58,2.81,0.18,1.04,1.63,4.65,1.71,1.16,2.82,3.16,2.18,6.19,1.8,1.54,2.89,0.85,0.38,4.08,29.2,35.08,22.73,9.59,7.32,5.81,5.4,2.03,1.15,2.39,3.34,3.08,0.19,2.63,10.17,1.22,1.22,1.11,5.19,0.67,0.18,0.37
12.11,8.22,16.65,11.43,17.12,11.89,3.61,3.51,1.62,1.35,1.8,1.71,4.09,2.5,4.37,2.91,5.65,8.84,2.37,7.14,3.11,3.71,1.91,0.54,0.85,1.03,0.61,0.37,0.39,0.68,1.03,1.64,1.16,1.54,2.69,2.86,1.38,2.89,4.6,2.99,3.34,1.54,2.84,1.97,0.96,4.44,3.34,3.38,4.47,3.2,2.68,2.87,3.96,12.19,33.24,28.35,7.8,4.27,4.69,2.6,3.28,4.24,2.11,3.29,2.49,1.75,6.15,7.36,1.46,0.42,1.46,1.23,4.2,1.76,0.8
12.86,11.83,8.75,16.81,20.2,6.85,5.27,2.51,1.53,1.21,1.81,1.46,0.62,2.6,3.61,2.07,2.3,0.77,4.46,4.05,7.16,2.91,4.13,2.99,3.82,2.57,1.76,1.97,3.33,2.64,0.53,1.97,1.72,2,1.88,3.78,1.76,2.49,2.16,3.63,2.14,2.98,1.91,2.31,4.73,1.03,2.18,1.28,3.11,1.64,2.31,3.18,2.6,0.97,1.81,5.93,2.71,0.59,2.49,3.14,3.54,2.45,3.24,1.88,2.78,1.35,8.55,5.13,0.76,1.21,1.76,1.03,0.43,1.99,0.6
7.2,5.14,13.05,15.94,3.59,5.55,4.47,2.49,1.54,0.79,0.27,3.78,0.27,1.63,4.03,3.51,2.71,2.19,1.91,4.84,7.76,5.31,4.59,1.49,2.99,0.57,1.91,1.62,1.49,1.58,2.31,2.14,1.49,2.39,1.38,0.69,1.22,2.29,1.57,2.7,2.57,3.02,3.11,4.59,3.99,2.9,3.49,3.49,2.66,2.92,3.45,2.24,1.65,3.61,4.27,3.11,4.61,2.3,1.11,0.27,3.94,1.54,3.76,2.76,1.95,11.97,8.82,5.92,14.38,5.26,0.56,2.32,1.71,1.76,3.15
1.39,3.07,5.84,2.17,1.71,1.37,2.24,2.32,0.78,1.35,0.81,2.17,2.43,1.72,2.7,5.04,1.12,3.25,2.49,2.7,2.3,5.28,6.63,1.89,0.78,2.66,1.35,1.45,1.22,1.16,0.85,0.6,1.38,3.08,1.95,1.87,2.39,2.18,1.7,2.82,2.45,3.44,2.49,1.73,1.57,1.02,1.95,1.62,2,3.77,2.68,6.32,2.33,2.33,1.97,2.49,0.97,1.21,2.55,2.24,4.39,4.48,2.84,2.78,1.76,22.73,0.96,16.59,11.98,5.86,4.27,2.18,2.56,2.49,5.78
5.68,3.61,2.75,1.37,1.31,1.71,3.33,2.33,2.99,1.53,3.39,2.36,0.98,2.39,2.43,2.99,1.72,1.64,6,2.16,5.03,6.09,6.29,0.69,3.25,3.64,1.49,2.14,1.17,2.38,1.13,1.39,1.15,3.12,0.6,2.11,2.51,1.76,1.91,2.3,2.36,1.76,1.99,3.99,2.24,2.49,3.11,3.06,1.97,3.87,5.15,4.02,2.33,1.54,2.76,4.06,1.76,1.02,3.05,0.43,3.34,2.3,1.54,3.13,2.22,18.81,10.62,20.85,17.58,4.4,3.39,4.21,1.34,2.78,6.5
4.69,6.93,5.57,2.55,1.01,0.44,0.85,0.86,2.66,3.52,2.31,3.51,1.73,1.54,1.35,2.44,1.49,3.08,4.53,7.01,6.16,9.19,8.82,1.76,3.82,4.59,2.57,2.6,0.7,3.02,2.17,4.03,1.54,2.16,2.03,1.91,2.29,1.35,2.3,1.35,1.49,2.24,2.57,5.41,4.03,2.92,2.31,2.36,3.51,1.91,4.59,3.64,1.64,1.72,0.85,3.52,2.87,5.85,1.35,1.44,3.26,1.65,3.71,2.84,2.33,4.46,8.25,11.63,3.71,2.72,4.05,6.59,3.99,1.82,5.98
8,6.04,6.7,3.26,3.59,2.23,2.7,2.22,3.71,3.68,3.52,3.87,1.91,1.73,0.85,2.23,2.96,3.02,5.56,5.41,5.44,8.4,6.79,7.05,2.14,6.84,2.57,3.34,2.48,1.95,0.77,2.5,1.39,2.4,1.81,0.76,1.91,0.38,0.76,2.42,2.97,1.95,1.73,3.34,3.35,1.29,2.3,2.97,1.71,3.09,4.7,5.41,5.02,3.06,2.11,4.69,3.51,4.29,5.83,13.26,22.14,5.29,2.36,3.57,3.25,0,3.93,12.05,1.71,6.7,1.49,5.81,6.04,5.05,7.46
20.35,9.25,4.56,5.78,4.22,2.64,9.76,11.4,6.98,4.87,5.31,4.72,2.14,3.38,1.73,7.29,13.79,6.13,7.07,4.9,9.74,8.3,11.2,6.92,8.16,0.43,2.7,1.63,2.1,1.79,1.92,4.33,3.68,2.3,0.81,1.53,1.58,2.24,2.65,1.71,1.97,3.11,2.1,2.29,2.18,0.79,1.96,2.73,2.6,3.44,2.33,6.95,1.34,3.11,2.31,5.22,1.14,0.84,13.7,9.66,17.6,23.31,4.51,1.02,2.33,4.06,2.13,8.46,13.7,3.94,5.09,2.92,4.9,4.36,2.91
23.47,15.87,7.46,6.33,3.57,5.41,15.74,7.38,8.46,7.57,5.97,5.03,3.24,1.27,3.25,6.96,5.62,11.7,15.44,15.11,11.63,12.92,9.82,8.16,2.84,2.7,4.45,5.75,4.6,1.92,0.86,3.64,1.71,1.97,2.31,0.42,2.78,1.22,1.03,1.58,2.07,0.77,3.51,1.33,9.98,14.6,10.15,4.36,0.96,4.4,2.78,8.2,3.06,0.69,3.86,2.3,0.69,5.68,6.93,9.75,13.61,17.78,7.3,4.56,2.71,1.49,2.11,1.22,2.92,2.29,4.17,2.18,2.92,4.01,3.56
14.84,9.19,5.05,4.41,2.5,2.84,16.08,16.42,9.98,6.78,4.78,6.41,4.46,2.66,2.76,5.81,10.68,5.65,4.02,16.72,14.08,11.14,19.76,7.64,18.72,9.26,3.84,4.53,3.11,1.03,2.57,2.48,2.72,1.57,1.55,1.03,1.35,0.61,0.27,2.36,1.11,1.62,1.21,5.95,14.35,8.16,6.09,7.73,3.42,3.83,2.33,5.2,4.87,4.4,2.36,2.48,3.02,5.68,6.35,11.2,13.08,10.2,5.88,3.6,1.58,2.33,0.75,0.85,2.39,2.45,2,4.54,2.74,3.71,2.92
6.7,5.57,8.65,4.59,3.24,2.72,6.49,10.55,6.85,3.08,3.18,5.95,5.47,2.43,4.09,4.2,10.22,6.67,7.74,13.38,12.87,6.12,4.59,9.44,18.6,19.57,5.8,3.94,3.87,3.34,2.43,2.55,3.28,1.33,1.88,1.08,2.09,1.28,2.49,2.44,3.01,4.12,3.11,6.07,11.19,7.48,6.16,8.72,1.11,2.87,2.84,5.35,3.2,3.52,5.01,1.64,2.84,5.82,1.22,5.06,6.11,6.68,3.2,2.68,3.75,0.85,2.47,2.86,2.39,3.26,3.45,4.6,3.46,2.87,2.55
2.87,4.36,3.3,5.7,0.96,1.12,1.38,1.62,0.6,1.23,0.76,2.99,8.18,3.09,4.84,5.19,5.93,5.56,8.41,8.3,13.68,8.43,6.45,3.87,5.93,20.54,17.54,6.51,4.34,2.78,0.57,1.71,1.53,1.11,2.31,3.08,2.45,2.13,2,1.15,0.2,1.92,4.87,4.6,7.69,11.47,7.35,10.58,4.05,1.97,0.79,1.62,3.62,2.06,2.84,1.76,4.22,2.99,5.65,5.38,7.35,6.15,2.6,2.49,2.3,1.95,1.89,2.87,1.97,3.34,4.7,1.96,3.86,3.06,3.63
1.57,4.53,4.36,0.81,1.54,2.33,0.42,2.78,0.96,2.7,0.54,2.97,11.2,3.4,4.98,4.27,6.35,7.1,7.46,12.91,11.68,7.86,4.62,3.52,5.81,8.91,12.26,9.75,5.15,2.87,2.87,1.91,1.99,1.53,0.61,0.86,2.59,4.14,2.21,1.63,0.85,0.58,2.6,6.32,6.27,5.08,7.44,6.54,4.21,2.49,2.49,2.03,1.94,2.32,6.89,2.33,4.59,3.34,2.92,5.05,8.9,3.98,3.92,0.43,3.5,0.96,2.17,1.39,3.81,3.61,3.65,4.27,2.87,2.32,3.11
3.46,2.3,2.87,1.64,3.92,2.39,1.81,4.84,8.55,1.82,1.92,2.39,9.75,9.6,3.99,8.46,4.48,6.26,3.42,3.65,4.7,6.13,4.62,4.6,7.69,9.76,15.52,4.78,4.41,3.65,4.65,2.6,2.55,2.48,2.47,3.08,1.21,2.28,0.59,0.96,1.64,1.22,2,4.27,2.03,7.42,5.22,1.95,2.82,2.99,2.3,1.97,1.82,2.3,6.32,3.46,6.12,4.13,4.19,8.98,4.79,1.39,1.92,2.82,3.52,1.92,1.08,1.8,1.62,3.15,3.68,2.11,3.67,0.85,3.25
5.09,0.38,2.11,2.87,4.36,6.21,5.95,12.71,7.61,5.47,2.33,0.77,5.83,7.03,10.6,9.21,9.51,4.4,3.94,2.14,15.86,18.73,12.12,5.17,3.63,13.78,16.13,4.96,7.84,11.63,12.75,4.62,0.85,0.96,0.59,1.28,2.17,2.6,1.54,2.68,0.27,1.09,2.24,0.43,3.08,5.53,2.37,2.97,3.45,3.39,2.83,1.62,4.12,1.94,1.39,4.2,5.26,1.95,4.02,3.15,2.68,1.58,1.1,3.51,2.66,1.92,1.28,2.13,1.53,1.33,6.5,4.78,1.71,1.16,1.8
2.84,4.17,2.31,3.78,3.51,3.08,11.63,9.76,9.56,5.15,4.02,3.79,6.29,6.59,4.97,18.23,7.61,5.7,4.62,12.98,24.48,23.14,14.87,8.04,4.97,12.57,13.83,11.9,5.44,15.11,13.76,4.03,0.95,4.53,2.14,1.46,1.07,1.53,0.79,1.53,2.13,1.35,1.38,1.52,1.77,1.58,2.59,2.85,3.05,1.81,1.89,1.23,2.07,3.06,1.73,0.61,3.9,1.73,6.89,2.49,2.03,2.3,5.47,3.34,0.54,1.49,1.16,0.58,0.82,4.23,4.08,4.5,0.95,3.29,1.64
8.85,5.16,6.4,7.14,5.3,5.81,1.46,6.36,4.31,3.66,5.15,2.49,9.29,8.04,7.3,19.06,14.58,9.09,8.75,10.56,15.31,14.33,11.32,6.88,5.27,8.02,11.03,9.98,9.38,4.73,3.75,5.38,4.69,3.15,2.57,1.89,0.37,1.86,0.96,1.11,1.28,1.08,1.08,2.06,1.35,1.92,2.32,3.46,6.15,2.33,0.85,2.24,1.91,2.92,1.45,2.16,2.75,1.81,7.92,3.08,2.4,0.68,5.14,1.81,0.98,1.27,0.57,0.18,3.29,3.79,2.99,1.28,1.21,2.84,1.62
4.29,7.44,7.09,7.17,9.46,14.11,11.38,6.5,3.38,3.42,1.38,1.53,8.67,6.54,7.37,13.42,14.46,9.52,8.8,8.67,10.48,13.06,7.53,6.35,3.82,3.02,5.01,9.6,10.53,6.95,8.47,2.92,3.59,1.54,2.45,2.16,1.62,1.79,0.68,0.27,0.96,2.18,2.57,1.91,1.54,3.76,1.97,1.45,0.61,2.91,3.03,3.15,3.06,3.75,4.6,2.06,2.31,2.85,4.37,2.84,3.64,0.42,3.63,0.95,1.99,0.8,1.45,1.22,1.94,6.6,1.57,0.38,2.3,3.57,3.57
7.84,7.73,7.27,10.32,17.12,7.16,13.29,9.46,3.55,3.11,2.89,2.82,7.95,6.82,8.94,10.58,17.78,4.78,9.93,5.05,6.35,6.33,5,3.75,4.59,3.94,10.5,3.85,7.5,10.67,5.41,2.87,2.11,2.31,2.66,4.2,1.8,1.91,1.34,1.42,1.65,4.4,4.27,2.97,5.5,1.54,3.15,4.24,1.53,5.75,2.7,3.02,1.72,3.16,4.96,3.68,5.55,0,5.47,2.17,2.87,5.3,5.66,1.39,0.94,1.88,5.78,6.76,3.77,4.06,2,1.58,1.65,2.78,2.31
3.48,4.31,3.25,6.65,16.35,14.87,13.24,9.4,2.98,5.02,8.96,9.56,6.88,11.71,9.19,9.46,5.52,6.89,4.73,3.65,4.54,4.46,3.29,4.87,3.25,3.45,7.7,2.65,8.82,7.45,7.8,6.93,4.37,2.49,4.27,4.12,2.51,1.75,1.8,0.28,7.37,16.84,14.94,7.27,5.5,3.08,2.42,1.76,2.51,3.75,3.2,9.86,2.3,1.5,4.29,3.61,4.83,2.56,7.84,3.56,3.93,6.96,4.96,0.97,6.16,3.94,0.96,6.45,2.76,3.68,1.76,1.54,2.82,2.74,2.32
4.59,4.59,3.82,10.29,12.03,8.61,9.23,3.4,4.62,8.3,12.2,21.36,22.36,13.6,9.87,6.04,4.24,4.84,8.25,8.27,5.93,5.62,3.79,4.45,2.39,3.09,2.7,7.43,8.58,9.49,13.18,6.42,4.4,4.56,4.19,2.66,1.89,1.1,0.79,2.3,10.7,26,16.3,4.79,3.25,5.15,2.14,3.17,2.89,0.86,2.57,4.77,6.24,3.46,6.95,4.27,4.27,1.46,5.35,3.15,5.95,4.82,4.65,3.3,6.91,6.6,13.26,9.18,5.02,2.87,2.89,1.4,2.11,1.22,2.39
4.48,1.76,4.7,4.47,9.73,5.75,3.65,5.38,12.36,14.17,23.05,44.91,44.3,30.26,16.65,5.73,3.13,6.95,7.46,6.73,5.56,4.23,2.91,1.62,1.11,4.45,3.51,5.29,4.59,13.24,12.11,7.61,4.65,3.34,6.76,2.24,1.46,1.54,2.32,2.3,7.66,15.62,12.57,2.49,3.56,5.7,5.54,3.58,2.19,0.54,2.24,0.43,2.87,3.51,10.62,1.81,3.87,4.03,5,2.74,6.5,5.86,2.98,2.84,7.68,2.66,22.85,7.17,11.93,5.41,4.84,2.07,0.17,6.38,5.29
1.76,2.84,2.36,3.48,10.15,7.11,4.05,7.65,11.87,18.54,32.17,37.23,54.72,41.79,15.49,7.69,4.73,5.08,9.89,7.64,3.45,3.45,2.73,4.36,3.87,2.43,2.57,0.54,5.4,11.93,12.97,8.13,9.75,22.9,17.78,7.97,2.89,1.33,0.79,1.34,0.84,1.94,3.43,2.55,3.42,4.33,2.42,3.77,5.54,1.54,2.07,0.85,0.43,5.75,8.57,6.82,1.91,2.7,4.82,2.78,2.14,7.16,3.25,3.45,4.23,2.68,13.21,12.86,6.13,4.24,1.88,1.76,1.75,5.31,5.25
3.87,0.38,2.56,3.51,4.22,5.92,5.19,6.07,10.85,16.26,27.84,50.49,67.56,27.25,10.01,6.63,6.5,5.81,9.48,9.62,2.3,5.56,4.79,5.81,4.96,2.33,3.25,1.72,0.79,13.6,14.39,10.64,24.12,23.15,23.04,13.31,2.33,1.17,0.69,0.79,1.21,0.6,1.52,5.02,6.26,2.42,2.78,3.45,3.4,2.33,2.17,0.55,1.03,1.8,2.84,4.92,5.9,2.91,4.29,3.94,3.27,4.72,1.91,5.89,5,3.13,5,6.11,4.36,7.61,3.65,2.24,1.49,4.78,3.56
2,2.82,0.61,3.9,2.06,5.57,5.25,5.2,11.48,11.63,14.03,19.18,46.13,0.02,6.06,12.24,4.87,3.87,6.6,10.71,5.29,7.78,2.14,4.1,3.46,3.02,4.59,4.59,2.3,11.16,13.66,9.92,19.51,27.73,23.71,11.22,1.95,2.96,1.39,0.43,1.17,0.27,0.19,1.35,2.1,4.95,2.42,2.7,4.4,2.91,1.74,2.6,1.21,2.44,2.04,9.6,2.71,2.36,1.54,3.59,6.47,3.87,0.76,3.68,4.27,4.69,4.59,4.12,5.58,7.64,6.13,2.66,2.34,3.99,5.32
2.66,2.84,2.14,6.1,1.77,4.22,2.31,3.46,3.9,7.74,10.7,12.4,20.37,3.3,4.97,10.57,2,2.11,8.22,2.33,8.38,6.36,5.08,3.52,3.87,3.02,1.71,2.16,3.34,13.36,12.17,7.07,10.95,11.09,11.28,6.15,3.26,3.9,0.27,1.45,1.74,2.29,2.78,2.14,3.11,2.39,3.18,1.92,2.59,1.71,2.07,3.69,0.39,3.01,1.74,9.23,12.38,3.3,3.09,2.96,4.41,5.81,2.72,4.45,5.57,5.35,5.2,5.57,2.57,7.14,6.69,4.79,2.89,5.41,5.3
3.15,4.05,2.14,3.94,4.06,4.28,3.11,4.81,4.24,4.24,2.51,7.28,8.22,11.71,7.7,6.49,4.09,3.65,3.49,5.68,5.22,5.81,3.64,1.91,1.58,2.23,3.76,2.16,1.71,19.6,6.58,4.79,5.38,6.33,7.27,5.93,2.98,5.2,0.6,4.78,3.19,2.68,1.03,2.72,1.03,2.87,1.61,1.79,2.05,0.6,1.35,2.87,3.18,1.11,1.76,2.1,10.79,9.79,6.84,3.11,4.45,8.27,1.21,5.38,5.93,6.14,4.5,2.3,3.27,4.65,5.57,5.55,6.5,5.68,5.1
3.06,5.08,2.86,5.67,8.1,6.04,2.39,3.94,4.62,3.69,1.88,5.56,9.41,10.6,8.3,5.7,3.57,4.74,5.93,4.17,5.02,4.77,4.36,3.4,4.41,2.05,3.08,1.03,2.44,20.08,7.7,4.54,4.4,4.87,6.85,6.53,2.07,5.73,3.51,3.18,3.52,1.73,2.97,2.33,2.11,3.08,0.39,0.56,0.78,0.96,2.41,2.55,1.35,2.33,1.81,2.7,5.02,6.89,6.9,3.75,4.75,8.3,4.13,4.19,4.96,6.6,2.97,2.14,0.6,3.83,6.76,7.18,6.33,6.24,3.25
1.8,4.59,3.87,8.23,7.69,8.04,3.98,2.51,5.13,5.2,2.42,4.29,11.2,12.06,8.17,5.47,4.37,1.64,4.31,3.55,4.97,2.31,3.13,3.65,0.98,3.25,1.73,0.96,3.1,12.11,10.62,5.2,4.29,5.16,8.1,3.71,0.43,3.94,8.96,1.15,4.45,0.27,1.16,1.36,1.73,1.2,1.02,0.42,0.01,0.61,2.84,2.84,4.29,2.84,4.05,4.12,3.35,1.91,9.67,1.35,4.56,4.72,1.29,4.05,5.47,2.91,2.92,2.23,1.75,2.86,3.49,3.45,5.05,4.9,3.52
3.45,3.98,3.42,8.25,7.43,6.79,1.73,2.57,3.75,3.94,4.29,3.52,6.54,17.1,10.19,4.53,2.11,3.68,3.27,2.96,4.43,4.19,2.29,3.2,2.73,2.78,1.78,3.66,2.06,14.78,8.18,5.35,2.49,6,5.14,3.99,5,2.43,4.35,1.96,2.1,1.28,2.97,2.48,0.61,0.53,0.29,0.68,1.49,1.54,1.71,0.28,3.63,6.7,3.06,4.41,7.27,6.59,13.85,5.05,6.66,0.79,4.03,2.91,7.19,5.57,3.29,0.6,0.43,2.66,3.61,3.45,4.48,4.6,5.29
1.54,6.88,3.25,8.35,8.13,6.12,1.16,2.18,2.03,3.99,4.82,0.54,5.48,16.84,12.2,4.36,2.89,2.89,1.12,0.69,2.33,3.29,1.58,0.86,1.17,2.23,3.62,0.8,2.05,17,5.57,7.16,7.87,3.42,8.3,5.52,5.92,6.03,2.74,2.78,1.72,0.69,2.06,1.35,1.22,0.55,0.61,0.26,1.17,2.51,1.98,0.85,1.88,7.07,7.68,3.56,2.16,6.49,9.14,2.84,1.8,5.73,4.78,1.89,8.96,7.52,2.84,3.38,2.29,1.8,2.3,3.02,3.2,3.78,5
